"conversation_id_str","created_at","favorite_count","full_text","id_str","image_url","in_reply_to_screen_name","lang","location","quote_count","reply_count","retweet_count","tweet_url","user_id_str","username"
"2038891259851624874","Tue Mar 31 08:08:51 +0000 2026","7251","Alhamdulillah ya Allah aku lulus SNBP https://t.co/ozUza5bM1z","2038891259851624874","https://pbs.twimg.com/media/HEuYy7qboAAmSBF.jpg","","in","","259","195","813","https://x.com/undefined/status/2038891259851624874","1497532494933262337",
"2038907937909813573","Tue Mar 31 09:15:08 +0000 2026","6155","Sch! TOLONGG KASIH TIPS BELAJAR UTBK DARI 0 DI H-20 GINIII!!! AKU DITOLAK SNBP!! Pls jangan promosi ","2038907937909813573","","","in","","29","79","700","https://x.com/undefined/status/2038907937909813573","1201673806156161025",
"2038900509667672248","Tue Mar 31 08:45:37 +0000 2026","7995","tahun lalu aku juga dapet merah di SNBP 2025 tapi aku berhasil lolos SNBT dengan belajar h-sebulan kalo aku bikin thread apa yang aku lakuin buat lolos SNBT ada yang mau gak ya? Let me know ya! ⭐️ https://t.co/f5yMUyfMVv","2038900509667672248","https://pbs.twimg.com/media/HEuhNOsawAABR5j.jpg","","in","","24","636","649","https://x.com/undefined/status/2038900509667672248","1280296297270882304",
"2038831758125478317","Tue Mar 31 04:12:25 +0000 2026","12911","adek adek snbp unpad 2026 kalo pengumumannya delay rektorat nya lg di demo akwowkwo https://t.co/rqyW52WfW4","2038831758125478317","https://pbs.twimg.com/media/HEtirNhakAA-oGc.jpg","","in","","228","118","392","https://x.com/undefined/status/2038831758125478317","1723611153191014400",
"2038913740226388414","Tue Mar 31 09:38:11 +0000 2026","4914","️ dari SD OSN gagal terus ️ gagal lomba yang lain ️ gagal PTLN ️ gagal SNBP ️ https://t.co/QiUzBGOT6Z","2038913740226388414","https://pbs.twimg.com/media/HEutPe4bYAA9qFe.jpg","","in","","103","79","426","https://x.com/undefined/status/2038913740226388414","1413702254251577346",
"2038889715169218774","Tue Mar 31 08:02:43 +0000 2026","18302","demi apa sih lolos snbp stei-k itb ⁉️ #snbp2026 https://t.co/AglR7tZYvZ","2038889715169218774","https://pbs.twimg.com/media/HEuXY6rasAAvOQG.jpg","","in","","246","708","612","https://x.com/undefined/status/2038889715169218774","1610973894974001155",
"2038892446084653366","Tue Mar 31 08:13:34 +0000 2026","25113","ALHAMDULILLAHHHH JADI PEMBUKA BUAT DEKEL ITUUU https://t.co/6fpHoqxGJ4","2038892446084653366","https://pbs.twimg.com/media/HEuZ3yWagAA7WF_.jpg","","in","","492","369","880","https://x.com/undefined/status/2038892446084653366","1749416269055741952",
"2040410623532810579","Sat Apr 04 12:46:16 +0000 2026","8122","emg snbp tuh ghaib bgt yh... di sekolah gw eli 126 dapet biru di prodi dan univ yg sama kaya gw... pdhl gw eli 14 sakit hati bgt gw","2040410623532810579","","","in","","189","155","91","https://x.com/undefined/status/2040410623532810579","1542975110856187904",
"2038889582293582083","Tue Mar 31 08:02:11 +0000 2026","6175","alhamdulillah furab lolos snbp https://t.co/Aohe515C6i","2038889582293582083","https://pbs.twimg.com/media/HEuXRGEbsAAPn_U.jpg","","in","","163","156","954","https://x.com/undefined/status/2038889582293582083","1763208453110067208",
"2038890162718220777","Tue Mar 31 08:04:30 +0000 2026","7214","GUYS AKU LOLOS TEKKIM UNDIPPP https://t.co/LdYJCR7bOz","2038890162718220777","https://pbs.twimg.com/media/HEuXyynawAAZGKO.jpg","","in","","33","404","256","https://x.com/undefined/status/2038890162718220777","1693437971469570048",
"2038900201306661061","Tue Mar 31 08:44:23 +0000 2026","3229","pengumuman tahun lalu pernah di up kenapa hastagnya snbp 2026???????? https://t.co/mllMgBAkzG","2038900201306661061","https://pbs.twimg.com/media/HEug7OZaoAAgC5f.jpg","","in","","122","142","25","https://x.com/undefined/status/2038900201306661061","1545808950074912768",
"2038963499431546973","Tue Mar 31 12:55:55 +0000 2026","6369","Banyak anak juara Olim nasional internasional puspernas OSN dan kejuaraan lain DITOLAK SNBP bahkan mereka berasal dari sekolah bagus. Fenomena ini cukup bikin bertanya-tanya meanwhile untuk jurusan yang sama ada anak yang nilai rapor jauh dibawah tanpa sertif diterima.","2038963499431546973","","","in","","215","72","405","https://x.com/undefined/status/2038963499431546973","1142098978344849408",
"2039008359047975405","Tue Mar 31 15:54:10 +0000 2026","7452","Alhamdulillah guys aku juga diterima di PTLN di hari yg sama https://t.co/VqjVMYY2wD","2039008359047975405","https://pbs.twimg.com/media/HEwDSx_aIAA4Ofo.jpg","","in","","53","139","154","https://x.com/undefined/status/2039008359047975405","1909869866259300354",
"2039051762049720342","Tue Mar 31 18:46:38 +0000 2026","35846","Ya Allah gua gak habis pikir... baru dpt cerita ada yg keterima SNBP Peminatan Kimia FMIPA-IPA ITB tapi dia malah nolak karena dia lebih pilih jadi polisi???? anjjjj gue drtd nangis deres bgt babii tega bgt lu bikin akt di bawah lu kena dampak blacklist ","2039051762049720342","","","in","","754","313","1837","https://x.com/undefined/status/2039051762049720342","1523684540547764224",
"2038466026598515034","Mon Mar 30 03:59:08 +0000 2026","929"," COUNTDOWN PENGUMUMAN SNBP Degdegannya ada banget gusy https://t.co/arUeSG4dzC","2038466026598515034","https://pbs.twimg.com/media/HEoVc4baIAA-98u.jpg","","in","","63","46","74","https://x.com/undefined/status/2038466026598515034","1110709339",
"2038906267901857948","Tue Mar 31 09:08:29 +0000 2026","11366","when Adrian punk snbp nya merah https://t.co/UwoEO1mAWt","2038906267901857948","https://pbs.twimg.com/media/HEumW9sawAAl7Fb.jpg","","in","","445","118","1671","https://x.com/undefined/status/2038906267901857948","1727603080823513088",
"2038878124394656077","Tue Mar 31 07:16:40 +0000 2026","5821","ternyata ga berharap di snbp itu bullshit ya?","2038878124394656077","","","in","","171","58","1310","https://x.com/undefined/status/2038878124394656077","1452571648725446660",
"2038987955151495621","Tue Mar 31 14:33:05 +0000 2026","25712","stlh pengumuman td aku ngilang dr cowoku krn dia lolos snbp (aku ngerasa malu sm dia soalnya ak gagal) trs aku kluar buat belajar tp aku ga blg dan tbtb dia nyamperin ak‍️krn aku nngis ga berenti jd aku jwb smua omongan dia dgn nulis di buku tp bagian yg ga dia suka di coret https://t.co/mzByiWWJPO","2038987955151495621","https://pbs.twimg.com/media/HEvwvVRawAA_98L.jpg","","in","","1503","628","1383","https://x.com/undefined/status/2038987955151495621","1277411622827356160",
"2039304271171141929","Wed Apr 01 11:30:01 +0000 2026","2070","Keren banget abangnya lulus SNBP di IPB.. selamat! Semoga kelak menjadi orang yang sukses! Buat temen-teman yang belum lulus didoakan bisa masuk ke perguruan tinggi favorit.. https://t.co/cRwMx4E1tI","2039304271171141929","https://pbs.twimg.com/amplify_video_thumb/2039250284300611584/img/G5Zw2y9wvoEgB558.jpg","","in","","6","32","115","https://x.com/undefined/status/2039304271171141929","155157511",
"2038515519595426034","Mon Mar 30 07:15:48 +0000 2026","4865","oh selama ini gak bisa pkpm karena diloloskan snbp ya.... :v kabulkan doaku yaallah :v","2038515519595426034","","","in","","70","24","1231","https://x.com/undefined/status/2038515519595426034","1872628969901842432",
"2038900782129664198","Tue Mar 31 08:46:42 +0000 2026","2404","terimakasih ya Allah 1 dari 13 org yang snbp UI https://t.co/lGMIpKXrq6","2038900782129664198","https://pbs.twimg.com/media/HEuhc8pakAAGDX2.jpg","","in","","13","65","62","https://x.com/undefined/status/2038900782129664198","2003487128483930112",
"2039687077596713175","Thu Apr 02 12:51:09 +0000 2026","3208","oh selama ini gak bisa pkpm emang disuruh belajar bukan lolos snbp.... :v","2039687077596713175","","","in","","76","35","614","https://x.com/undefined/status/2039687077596713175","1872628969901842432",
"2038959156670169481","Tue Mar 31 12:38:39 +0000 2026","7650","mungkin aku digagalin di snbp supaya ga semena-mena dan take it for granted. mungkin di saat aku mencapai apa yg aku mau aku bisa lebih menghargai setiap perjalanan aku dan jujur aja ini ga akan bisa ku dapatin dari lolos snbp karena memang aku semales malesan itu","2038959156670169481","","","in","","147","44","2380","https://x.com/undefined/status/2038959156670169481","1481896730967027712",
"2039337010914074978","Wed Apr 01 13:40:07 +0000 2026","916","Aku salah banget terlalu berharap sama snbp baru sekarang mau lock in utebebek tolong saran tempat drill soal dan TO yg worth di H-20 sch! semoga ga telat banget ","2039337010914074978","","","in","","0","30","41","https://x.com/undefined/status/2039337010914074978","1201673806156161025",
"2038591343229108319","Mon Mar 30 12:17:06 +0000 2026","3983","udah H-1 SNBP nih semoga semua yang baca ini lolos SNBP 2026 ya! https://t.co/S89q4kl6eO","2038591343229108319","https://pbs.twimg.com/media/HEqIBgzbMAALMkM.jpg","","in","","42","43","455","https://x.com/undefined/status/2038591343229108319","1796770205764648960",
"2038749962159472979","Mon Mar 30 22:47:23 +0000 2026","3961","UDAHH SIAPP BELUM HARI INI JADI MABA PTN! JALUR SNBP?","2038749962159472979","","","in","","313","404","440","https://x.com/undefined/status/2038749962159472979","1205629250423779328",
"2038931591289049333","Tue Mar 31 10:49:07 +0000 2026","4821","tapi kalian tau ngga sih kalau SNBP tuh singkatan dari suka nyawit bareng prabowo https://t.co/8zscP3Ajdj","2038931591289049333","https://pbs.twimg.com/media/HEu9eitbQAAq4ks.jpg","","in","","112","62","1021","https://x.com/undefined/status/2038931591289049333","1713951472453619712",
"2040210271994785915","Fri Apr 03 23:30:08 +0000 2026","13099","Maaf ya gen ask Mark Mark ini siapa si yang dimaksud? terus kenapa kalo dia keterima SNBP! ? kok kaya diheboh-hebohkan bangettt https://t.co/4GAPns5sWE","2040210271994785915","https://pbs.twimg.com/media/HFBIbc3aEAAOJoC.jpg","","in","","391","286","911","https://x.com/undefined/status/2040210271994785915","1205629250423779328",
"2038763903413567996","Mon Mar 30 23:42:47 +0000 2026","3072","Selamat ya https://t.co/poEpZQvx0d","2038763903413567996","https://pbs.twimg.com/media/HEsk9zFaIAAYPWe.jpg","","in","","30","16","521","https://x.com/undefined/status/2038763903413567996","1304292109470498816",
"2037468069313020097","Fri Mar 27 09:53:36 +0000 2026","2635","mau bgttt lolos snbp... https://t.co/BcJULziJpN","2037468069313020097","https://pbs.twimg.com/media/HEaKaGLbwAEUwH4.jpg","","in","","8","0","562","https://x.com/undefined/status/2037468069313020097","1528357944143753216",
"2037459692813975646","Fri Mar 27 09:20:19 +0000 2026","2591","CIEEE 4 HARI LAGI ADA YANG LOLOS SNBP NIH","2037459692813975646","","","in","","91","68","512","https://x.com/undefined/status/2037459692813975646","1261592242499645441",
"2038566446360596960","Mon Mar 30 10:38:10 +0000 2026","6120"," BANGUN BANGUNN!!! LBE UTBK 2026 bakal ada soal saintek &amp; soshum ?? Akt. 26 jadi angkatan uji coba beneran ini wkwkw.. Mulai TKA daya tampung SNBP ga keluar2 eh muncul lagi yg baru. https://t.co/V0ZOS9ObbZ https://t.co/KxGheMhGRH","2038566446360596960","https://pbs.twimg.com/media/HEpxBNXaIAAxdsc.jpg","","in","","1145","208","589","https://x.com/undefined/status/2038566446360596960","1304292109470498816",
"2038586647852527993","Mon Mar 30 11:58:26 +0000 2026","770","Jujur siapa yang tiap hari scrolling hashtag #IPBuniversity cuma buat liatin foto kampusnya? Siapa yang udah di tahap 'gak sabar banget' buat resmi jadi bagian dari keluarga besar IPB? ️ #HarmoniKarya #MРКMBІPB63 #snbp https://t.co/ADeB4SHzGD","2038586647852527993","https://pbs.twimg.com/amplify_video_thumb/2038586585567084545/img/2Yjv-2xaSEnnzOYj.jpg","","in","","36","41","167","https://x.com/undefined/status/2038586647852527993","305533080",
"2038889094512840717","Tue Mar 31 08:00:15 +0000 2026","548","Halo Calon Mahasiswa Baru UI Jalur SNBP! Hari ini bukan hari biasa. Hari ini adalah jawaban atas setiap usaha dan doa yang kamu perjuangkan. Untuk kamu yang berhasil selamat. Kamu selangkah lebih dekat dengan mimpimu. Untuk kamu yang belum terima kasih sudah bertahan https://t.co/n1TWlW1oaV","2038889094512840717","https://pbs.twimg.com/media/HEuW0m1aAAAHLGH.jpg","","in","","42","18","83","https://x.com/undefined/status/2038889094512840717","74646907",
"2037157290302988791","Thu Mar 26 13:18:41 +0000 2026","6024","MBTI AKU BERUBAH DRI ENFJ JADI SNBP","2037157290302988791","","","in","","133","58","1208","https://x.com/undefined/status/2037157290302988791","1689133433338109952",
"2037946496042320302","Sat Mar 28 17:34:42 +0000 2026","4143","Lolos snbp janji belajar us ya allah","2037946496042320302","","","in","","122","39","1158","https://x.com/undefined/status/2037946496042320302","1805075420494352384",
"2040782015281426780","Sun Apr 05 13:22:02 +0000 2026","143","h-16 UTBK. Kurangi penggunaan media sosial super2 penting buat jaga ritme belajar &amp; fokus. Demi hasil yg terbaik. Jika kamu diminta buat uninstall 2 app apa yg bakal kamu pilih untuk dihapus dr hp? https://t.co/MTO7PdkUXx","2040782015281426780","https://pbs.twimg.com/media/HFJP7F7aIAAr7RA.png","","in","","6","26","12","https://x.com/undefined/status/2040782015281426780","1304292109470498816",
"2038968336285933646","Tue Mar 31 13:15:08 +0000 2026","11381","dapet hadiah dari bapak karna lolos snbp https://t.co/XQ7VTo6ayV","2038968336285933646","https://pbs.twimg.com/media/HEve5YAWwAE8Vcq.jpg","","in","","78","351","205","https://x.com/undefined/status/2038968336285933646","3543491593",
"2041044340555100428","Mon Apr 06 06:44:26 +0000 2026","20","selamat hari senin semoga yang .sakit jadi sembuh .mager jadi rajin .kesusahan jadi dimudahkan .berat jadi ringan .gamon jadi move on .ga elig jadi elig .ga lulus SNBP jadi lulus SNBT .yang iri dengki panas jadi kebakar . https://t.co/cIftemHrFc","2041044340555100428","https://pbs.twimg.com/media/HFM--8naQAALN-s.jpg","","in","","0","7","0","https://x.com/undefined/status/2041044340555100428","1397102907422502916",
"2040920245922066607","Sun Apr 05 22:31:19 +0000 2026","428","guys score segini kalo di snbt! bisa dapet apa? https://t.co/CI2Io05Lut","2040920245922066607","https://pbs.twimg.com/media/HFLOJe-WwAAoB_6.jpg","","in","","19","61","8","https://x.com/undefined/status/2040920245922066607","1515005472146812932",
"2038893198861574207","Tue Mar 31 08:16:34 +0000 2026","10918","YA ALLAH MAKASIH BANYAK AKU LULUS SNBP https://t.co/nte2BvtRRy","2038893198861574207","https://pbs.twimg.com/media/HEuajp5bAAAf9SJ.jpg","","in","","26","162","244","https://x.com/undefined/status/2038893198861574207","1830808065081475072",
"2037880079372759106","Sat Mar 28 13:10:47 +0000 2026","2859","siap banget ya Allah lolos snbp tgl 31 maret 2026 terus ngurus daful nyari kosan nyari temen bikin jj cari barang ospek belajar motor belajar pretest cari info beasiswa semuanya akan ku usahakan ya Allah","2037880079372759106","","","in","","38","14","970","https://x.com/undefined/status/2037880079372759106","1627330573999181824",
"2039331293629137384","Wed Apr 01 13:17:24 +0000 2026","3482","GUE PUSING NGURUTIN JURUSAN BUAT SNBT ANJ SIALAN FAKK SNBP MERAH SIALAN","2039331293629137384","","","in","","67","77","616","https://x.com/undefined/status/2039331293629137384","1871548290099228672",
"2037308634145910869","Thu Mar 26 23:20:04 +0000 2026","2651","UDAH DITAHAP MIMPI BUKA PENGUMUMAN SNBP","2037308634145910869","","","in","","129","36","395","https://x.com/undefined/status/2037308634145910869","1724792756407828480",
"2037591733916360957","Fri Mar 27 18:05:00 +0000 2026","1497","kakak nya lewat mulu beneran lolos snbp sih ini aku AAMIIN https://t.co/mPtm2MOnP1","2037591733916360957","https://pbs.twimg.com/media/HEb64R2awAAtPHy.jpg","","in","","11","10","159","https://x.com/undefined/status/2037591733916360957","1817481441942593536",
"2039310347103019390","Wed Apr 01 11:54:09 +0000 2026","2954","Allah ga lolosin aku di snbp karena mungkin bisa ngejalanin utbk ya? TP skor to ku aja ga pernah naik naik aku bisa utbk dr mananyaaa aku mah bakal santai aja klo skor ku udh gede kepala 7++ tp ini aja masihh stuck di 500 ga naik naik... yaAllah emg aku sanggup ya?","2039310347103019390","","","in","","36","32","512","https://x.com/undefined/status/2039310347103019390","1754103533002264576",
"2039328171301200081","Wed Apr 01 13:04:59 +0000 2026","25153","ga kebayang reaksi itb ketika yang daftar snbp spek begini... gad dem","2039328171301200081","","","in","","63","32","979","https://x.com/undefined/status/2039328171301200081","1430073374865166337",
"2039141374138987002","Wed Apr 01 00:42:43 +0000 2026","3294","Ngawur banget lu bro adekmu gak lolos SNBP malah diketawain https://t.co/49CR6Ik9A6","2039141374138987002","https://pbs.twimg.com/ext_tw_video_thumb/2039141350931914752/pu/img/MPK7yhjklk_HInhH.jpg","","in","","46","117","237","https://x.com/undefined/status/2039141374138987002","1612447931768131585",
"2037931966230864218","Sat Mar 28 16:36:58 +0000 2026","977","yaallah tolong mudahkan jalan untuk lolos snbp di prodi ku itu jadikan aku pembuka jalan bagi adek adekku akt 27","2037931966230864218","","","in","","12","12","295","https://x.com/undefined/status/2037931966230864218","1750382025960521728",
"2038595955772318041","Mon Mar 30 12:35:25 +0000 2026","3104","aku yakin banget! aku kamu dan kita semua pasti lolos snbp besok sore ","2038595955772318041","","","in","","12","29","705","https://x.com/undefined/status/2038595955772318041","1872628969901842432",
"2039594293766369597","Thu Apr 02 06:42:28 +0000 2026","0","3.900 Siswa Lolos SNBP 2026 di Universitas Brawijaya Ini Cara Daftar Ulangnya https://t.co/F3tU6Ex1sv https://t.co/32KYBukvxi","2039594293766369597","https://pbs.twimg.com/media/HE4YM0Bb0AA-xOB.jpg","","in","","0","0","0","https://x.com/undefined/status/2039594293766369597","23343960",
"2037453222751969514","Fri Mar 27 08:54:37 +0000 2026","1085","Mawu lulus snbp aja mentok","2037453222751969514","","","in","","6","4","235","https://x.com/undefined/status/2037453222751969514","1750382025960521728",
"1986739363280265262","Fri Nov 07 10:15:50 +0000 2025","0","Dapat Nilai Nol di TKA Apakah Masih Bisa Daftar SNBP 2026? Baca selengkapnya: https://t.co/ZDd1XFrC1U ~RKD #Nilai #Nol #TKA","1986739363280265262","","","in","","0","0","0","https://x.com/undefined/status/1986739363280265262","23343960",
"2037412835781992958","Fri Mar 27 06:14:08 +0000 2026","2955","tambahan juga guys berhubung jumat anak snbp bisa amalin alwaqiah dibaca 14× sampe sblm waktu maghrib (matahari tenggelam) di hari jumat. insyaallah klo allah berkehendak hajat kita dipermudah.","2037412835781992958","","","in","","5","10","272","https://x.com/undefined/status/2037412835781992958","1750382025960521728",
"2038796721908789509","Tue Mar 31 01:53:12 +0000 2026","556"," Pengumuman SNBP 2026 Saat yang ditunggu akhirnya tiba Hasil seleksi SNBP 2026 dapat kamu cek mulai: ️ 31 Maret 2026 ⏰ Pukul 15.00 WIB Cek hasil kelulusan melalui: https://t.co/3BNxvjTgZk https://t.co/qLNaaVxoFq (mirror Unpad) https://t.co/S0psGzWw3V","2038796721908789509","https://pbs.twimg.com/media/HEtC0D_a4AA-bT5.jpg","","in","","66","64","58","https://x.com/undefined/status/2038796721908789509","51010742",
"2039260226503979319","Wed Apr 01 08:35:00 +0000 2026","664","ptn! agak nyesel dapet snbp di luar jawa. biaya hidup &amp; tiket pesawat mahal bgt. mending gue kaga daftar dri awal kalo tau bakal keterima. boleh ga sih slot gue dikasih ke orang lain aja? sayangg bgt slotnya angusss","2039260226503979319","","","in","","140","209","3","https://x.com/undefined/status/2039260226503979319","1205629250423779328",
"2039284156920721416","Wed Apr 01 10:10:05 +0000 2026","1224","sch! Gais gimana ya tips PM di h-20 an ini... Ketolak SNBP dan skor PM masih 200 an mending prioritas in materi apa ya??","2039284156920721416","","","in","","4","16","100","https://x.com/undefined/status/2039284156920721416","1201673806156161025",
"2038994752058818701","Tue Mar 31 15:00:06 +0000 2026","9540","shalat isya tadi keceplosan minta diloloskan snbp ketika sujud :)","2038994752058818701","","","in","","249","78","383","https://x.com/undefined/status/2038994752058818701","1905738422242910208",
"2038902848990396563","Tue Mar 31 08:54:54 +0000 2026","866","as a gapyear yg pernah ketolak snbp liat tl hari ini berasa dejavu bgtt wkwk","2038902848990396563","","","in","","32","21","211","https://x.com/undefined/status/2038902848990396563","1929080666236530690",
"2038206950551515202","Sun Mar 29 10:49:39 +0000 2026","1179","ya Allah... kali ini izinkanlah hamba dan teman teman akt26 lolos di univ impian lewat jalur SNBP ya Allah","2038206950551515202","","","in","","4","5","289","https://x.com/undefined/status/2038206950551515202","1788963963302219777",
"2038939293746655559","Tue Mar 31 11:19:43 +0000 2026","2721","Selamat yaa Ujin biru-biru hiphop banget lu dek Edit with fake SNBP 2026 generator https://t.co/dRkIfiDR6I","2038939293746655559","https://pbs.twimg.com/media/HEvEe3uaUAAzcKO.jpg","","in","","55","42","459","https://x.com/undefined/status/2038939293746655559","2027016386640531456",
"2038894769502601455","Tue Mar 31 08:22:48 +0000 2026","2218","selamat sore bumi sipil! https://t.co/HV9Ls86jQI","2038894769502601455","https://pbs.twimg.com/media/HEub-_NbgAAnML7.jpg","","in","","29","121","144","https://x.com/undefined/status/2038894769502601455","1941442763649916928",
"2038852578734137843","Tue Mar 31 05:35:09 +0000 2026","299"," jujur deg deg an banget sore nanti mau buka pengumuman snbp minta do'anya supaya sender lolos dipilihan pertama ya. Bismillah biru semua ","2038852578734137843","","","in","","2","24","5","https://x.com/undefined/status/2038852578734137843","1371650588",
"2038875245462036831","Tue Mar 31 07:05:13 +0000 2026","2632","me 2 years ago vs now remember that snbp isn t everything hidup km ga berenti saat ga keterima jangan bersedih terlalu lama langsung step up belajar utbk dan persiapan mandiri ⭐️ https://t.co/Z3qHiP1Fvg","2038875245462036831","https://pbs.twimg.com/media/HEuKOOAbUAAYM9I.jpg","","in","","11","20","154","https://x.com/undefined/status/2038875245462036831","1375830023358177285",
"2038996811009143073","Tue Mar 31 15:08:17 +0000 2026","6231","seumur hidup (beneran) gapernah samsek nanyain hasil snbp snbt mandiri org lain even temen DEKET pun karena mnrt gua kalo ada kabar baik pasti mereka blg kalo engga yaudah gausa ditanya kita cuktaw aja even gausah semangatin tbtb kalo ga diminta!!","2038996811009143073","","","in","","72","14","763","https://x.com/undefined/status/2038996811009143073","1375830023358177285",
"1926947655260721259","Mon May 26 10:24:56 +0000 2025","0","Pengumuman hasil ujian seleksi nasional berdasarkan tes atau UTBK SNBP 2025 dapat dilakukan melalui link https://t.co/eGEOFK8DjR. ~MD #UTBK2025 #SNBT2025 https://t.co/QaV1i6YrdH","1926947655260721259","","","in","","0","0","0","https://x.com/undefined/status/1926947655260721259","23343960",
"2040251029145657795","Sat Apr 04 02:12:06 +0000 2026","5","8 MAN Ini Lulusannya Banyak Lolos SNBP 2026 Tembus UI UGM ITB https://t.co/NUK2UVjz7G https://t.co/MzNryIwgNe","2040251029145657795","https://pbs.twimg.com/media/HFBtf7QagAAfw89.jpg","","in","","0","0","1","https://x.com/undefined/status/2040251029145657795","23343960",
"2040247602873061670","Sat Apr 04 01:58:29 +0000 2026","367","UPI jadi PTN dengan peminat terbanyak jalur SNBP 2026 mencapai 53.311 pendaftar Wilujeng euy https://t.co/Qwd3i8olLR","2040247602873061670","https://pbs.twimg.com/media/HFBqYgzXMAAMhfg.jpg","","in","","47","56","20","https://x.com/undefined/status/2040247602873061670","1248335621988311041",
"2041025858199064589","Mon Apr 06 05:30:59 +0000 2026","1","snbt! alamat kk sama alamat tinggalku beda di surat keterangan siswa tertulis alamat tinggalku sedangkan kemarin waktu daftar snbp aku pakai alamat kk. better di surat keterangan ditulis alamat apa yaa? tysm!","2041025858199064589","","","in","","0","0","0","https://x.com/undefined/status/2041025858199064589","1515005472146812932",
"2038898984194912749","Tue Mar 31 08:39:33 +0000 2026","8105"," guys doain adekku SNBP nya lolos (blom lahir sih. Si mamah masih 8 bulan)","2038898984194912749","","","in","","117","196","268","https://x.com/undefined/status/2038898984194912749","1284050960013115393",
"2039337006443188688","Wed Apr 01 13:40:06 +0000 2026","2095","Bohong kalau aku ikhlas ditolak snbp sakit bngt","2039337006443188688","","","in","","31","19","636","https://x.com/undefined/status/2039337006443188688","1410686787303854081",
"2038202003180892493","Sun Mar 29 10:30:00 +0000 2026","2348","Spill nazar (janji) lu kalo beneran tembus SNBP besok lusa! Sender niatnya mau puasa sosmed 3 hari sama traktir cilok sekelas haha ptn!","2038202003180892493","","","in","","722","658","114","https://x.com/undefined/status/2038202003180892493","1205629250423779328",
"2039558459730116818","Thu Apr 02 04:20:04 +0000 2026","476","SNBP yg ini bisa dikirim ke gw","2039558459730116818","","","in","","1","24","27","https://x.com/undefined/status/2039558459730116818","35618872",
"2037044721902903658","Thu Mar 26 05:51:22 +0000 2026","873","H-5 lolos SNBP Walau H+5 lebaran aku tetap buat nastar logo IPB BISMILLAH AKU LOLOS SNBP IPB 2026 AAMIIN https://t.co/IK8evHfAvc","2037044721902903658","https://pbs.twimg.com/media/HEUJXv2bgAAdEAJ.jpg","","in","","5","32","48","https://x.com/undefined/status/2037044721902903658","1599341931460366336",
"2038894157591384505","Tue Mar 31 08:20:22 +0000 2026","2284","aku sebodoh itu yaa? :((( snbp! https://t.co/PcWgIwaVCU","2038894157591384505","https://pbs.twimg.com/media/HEubZa6aMAAV2f8.png","","in","","64","197","176","https://x.com/undefined/status/2038894157591384505","1205629250423779328",
"2038539675707842725","Mon Mar 30 08:51:47 +0000 2026","6411","Besok jam segini udah lega karna keterima snbp hihihi","2038539675707842725","","","in","","164","105","1611","https://x.com/undefined/status/2038539675707842725","1737717058597715968",
"2038815619219693684","Tue Mar 31 03:08:17 +0000 2026","1063","REKAP KONFERENSI PERS PENGUMUMAN HASIL SNBP 2026 a thread https://t.co/CsrZkRPRUN","2038815619219693684","https://pbs.twimg.com/media/HEtT-6nasAA5CXj.jpg","","in","","7","4","104","https://x.com/undefined/status/2038815619219693684","1304292109470498816",
"2038003884850114676","Sat Mar 28 21:22:45 +0000 2026","1262","you will win. aku bakalan lolos snbp 2026 dipilihan ke satu / dua. https://t.co/YzAvSEHNiy","2038003884850114676","https://pbs.twimg.com/media/HEhxu2db0AAAPFg.jpg","","in","","13","13","281","https://x.com/undefined/status/2038003884850114676","1737717058597715968",
"2041004558013632967","Mon Apr 06 04:06:21 +0000 2026","133","Jujur euy ini nyesek dada liatnya anaknya bahagia lulus SNBP ibunya bingung gimana bayarnya Semoga ada rezekinya ya https://t.co/ugtwjTc1nJ","2041004558013632967","https://pbs.twimg.com/amplify_video_thumb/2041004488857948160/img/1Lso9ftnOIvl8mVn.jpg","","in","","9","23","12","https://x.com/undefined/status/2041004558013632967","1248335621988311041",
"1767199103572996432","Mon Mar 11 14:41:13 +0000 2024","2","MinSkill bantu doa supaya lolos snbp biar bisa belajar di MySkill aamiin #LearnAtMySkill","1767199103572996432","","","in","","0","0","0","https://x.com/undefined/status/1767199103572996432","1299606533764837383",
"2038893376960118793","Tue Mar 31 08:17:16 +0000 2026","3331","AKUU BIRUUUUU HUHUHU TEKPANG IPB... AKHIRNYA...MENAMATKAN SNBP...MAKASI TUHAN.... https://t.co/SWGY3jNapx","2038893376960118793","https://pbs.twimg.com/media/HEuauLmbUAAiWV-.jpg","","in","","66","257","167","https://x.com/undefined/status/2038893376960118793","1896471660972429312",
"2038082155922989107","Sun Mar 29 02:33:46 +0000 2026","1564","⏰Cara Cek Hasil Pengumuman SNBP 2026 https://t.co/RGZrP2GaFl https://t.co/Rpv4iv7VLL","2038082155922989107","https://pbs.twimg.com/media/HEi42VSbwAAPfnL.png","","in","","25","11","124","https://x.com/undefined/status/2038082155922989107","1304292109470498816",
"2039179696018215053","Wed Apr 01 03:15:00 +0000 2026","441","jujur yg ijo snbp kemaren gausah terlalu overproud deh wkwk kalian tuh cuma hoki nilai rapi doang &amp; privilege sekolah indeksnya bagus. belom tentu otak kalian nyampe kalo disuruh ngerjain pk pm utbk kyk kita2 pejuang snbt yg beneran murni mikir kita buktikan aja ntar di dunia","2039179696018215053","","","in","","264","275","12","https://x.com/undefined/status/2039179696018215053","1205629250423779328",
"2038829384866611203","Tue Mar 31 04:02:59 +0000 2026","5608","SEMOGA KALIAN TERMASUK 155.543 PESERTA YANG LOLOS SNBP 2026. https://t.co/naXZWy1rbc","2038829384866611203","https://pbs.twimg.com/media/HEtgZlfa8AA4Db8.png","","in","","279","198","778","https://x.com/undefined/status/2038829384866611203","1304292109470498816",
"1772530852091867545","Tue Mar 26 07:47:41 +0000 2024","1","Buat Bestie yg hari ini pengumuman SNBP ditunggu kabar baiknya yaa semoga lolos semua","1772530852091867545","","","in","","0","0","0","https://x.com/undefined/status/1772530852091867545","1299606533764837383",
"2039552897021890762","Thu Apr 02 03:57:58 +0000 2026","7119","Detik-detik si dd umin buka SNBP UI 2026 https://t.co/HCopZUoxcx","2039552897021890762","https://pbs.twimg.com/media/HE3yjBjbAAEICaZ.jpg","","in","","74","19","1138","https://x.com/undefined/status/2039552897021890762","1457724566587936769",
"2039370788906881288","Wed Apr 01 15:54:20 +0000 2026","1298","Lolos SNBP buat keluarga menengah ke bawah itu kayak dapet menang giveaway tiket konser gratis tapi ternyata lokasi konsernya di luar negeri. Tiket Konsernya emang gratis tapi biaya paspor visa pesawat sama hotelnya tetep nggak kebeli. Untuk tiap orang tua yang sedang https://t.co/jEryhahrDi","2039370788906881288","https://pbs.twimg.com/ext_tw_video_thumb/2039370738382352384/pu/img/66IA8IKQg6O1WcJa.jpg","","in","","22","45","134","https://x.com/undefined/status/2039370788906881288","1251824880967774208",
"2037496540651241496","Fri Mar 27 11:46:44 +0000 2026","5574","Siapapun yg RT/Like ini semoga dapat hasil LOLOS SNBP . Amiin H-3 banget nih. https://t.co/qsYnGjV9Xu","2037496540651241496","https://pbs.twimg.com/media/HEakKT5akAADy0g.png","","in","","61","44","2109","https://x.com/undefined/status/2037496540651241496","1304292109470498816",
"2040824342351909057","Sun Apr 05 16:10:14 +0000 2026","24","SNBTFESS OPEN FOLLBACK 1. FOLLOW @base_snbt dan @62fess 2. RT + Reply kampus impian kalian akan di follback semua yg udah ngelakuin 2 task diatas","2040824342351909057","","","in","","2","65","55","https://x.com/undefined/status/2040824342351909057","1515005472146812932",
"2038576332968513600","Mon Mar 30 11:17:27 +0000 2026","3313","Semoga nama kita termasuk di daftar orang-orang yang lolos SNBP itu yaa ","2038576332968513600","","","in","","39","75","766","https://x.com/undefined/status/2038576332968513600","1813828971571843072",
"2037888679990186420","Sat Mar 28 13:44:58 +0000 2026","3725","lulus snbp dengan izin Allah","2037888679990186420","","","in","","12","11","1078","https://x.com/undefined/status/2037888679990186420","1737717058597715968",
"2038714568654864716","Mon Mar 30 20:26:45 +0000 2026","1090","itb! IT S MARCH 31! SEMOGA SNBP NYA BIRUUU ADIK2 26 ","2038714568654864716","","","in","","21","38","171","https://x.com/undefined/status/2038714568654864716","1804409229442453505",
"2038585496608403785","Mon Mar 30 11:53:52 +0000 2026","18414","GUYS BESOK JANGAN LUPA SHALAT ASHAR DULU YG MUSLIM","2038585496608403785","","","in","","254","119","320","https://x.com/undefined/status/2038585496608403785","1512091976774356992",
"2040607394808410246","Sun Apr 05 01:48:10 +0000 2026","4151","ptn! guys genask no salty ya kemaren lewat di fypku ada yang lolos talent scouting ui barengan sama snbp ui dengan jurusan yang sama emang bisa lolos dua duanya gitu ya ? https://t.co/sXyEVBIYF1","2040607394808410246","https://pbs.twimg.com/media/HFGxnHXXAAARzyT.jpg","","in","","62","43","25","https://x.com/undefined/status/2040607394808410246","1205629250423779328",
"2018627610130207104","Tue Feb 03 10:08:21 +0000 2026","0","Cek Syarat Daftar SNBP 2026 Pendaftaran Dibuka Jam 15.00 WIB https://t.co/AFdG8yHyqM https://t.co/lKcbjUYAi9","2018627610130207104","https://pbs.twimg.com/media/HAObHTLaoAAD8-3.jpg","","in","","0","0","0","https://x.com/undefined/status/2018627610130207104","23343960",
"2037747776440676747","Sat Mar 28 04:25:04 +0000 2026","2472","Ptn! Capek-capek belajar UTBK eh malah lolos SNBP pilihan pertama","2037747776440676747","","","in","","143","70","544","https://x.com/undefined/status/2037747776440676747","1205629250423779328",
"2039948570154135964","Fri Apr 03 06:10:14 +0000 2026","293","haloo teman-timun! alhamdulillah aku keterima snbp UI tahun ini untuk teman-teman yang dapet merah IS OKEYY masih ada UTBKkebetulan akun ini aku di beliin prem sama kak @shiromewo huhuu thank u kak karena diamond nya masih banyak aku mau ngadain GA nih! https://t.co/Aca2H506zV","2039948570154135964","https://pbs.twimg.com/media/HE9aag2a0AAGXaA.jpg","","in","","1","130","23","https://x.com/undefined/status/2039948570154135964","1514462561051512832",
"2040584037958615055","Sun Apr 05 00:15:21 +0000 2026","226","Hi! Untuk memenuhi nadzar karena alhamdulillah aku diberi rezeki berupa lolos SNBP 2026 di pilihan 1 aku mau mengadakan giveaway buku! 150k sudah termasuk ongkir untuk 1 orang ya. Rulesnya silakan baca di foto berikut. Akan diumumin tanggal 7 April. Good luck! https://t.co/ApQR3RYpSJ","2040584037958615055","https://pbs.twimg.com/media/HFGcXmCbgAAoyMh.jpg","","in","","3","150","179","https://x.com/undefined/status/2040584037958615055","1408009369409650690",
"2038605276295950719","Mon Mar 30 13:12:27 +0000 2026","1065","ritual tahunan jasa pembukaan SNBP untuk angkatan 26. yang tertarik bisa isi form ini yaa https://t.co/h3O3wiXxOB thanks!","2038605276295950719","","","in","","51","56","33","https://x.com/undefined/status/2038605276295950719","1198443705935335424",
"2039010469021896760","Tue Mar 31 16:02:33 +0000 2026","1742","Siswa yang ga lolos SNBP akan awak bantai di SNBT liat aja Siswa yang lolos di SNBP woilah cik lolos lho ya gajadi member hitam lagi aku rek https://t.co/37VhbrnOBx","2039010469021896760","https://pbs.twimg.com/amplify_video_thumb/2039010396758274048/img/h9uZGEJDunghIpUv.jpg","","in","","26","13","206","https://x.com/undefined/status/2039010469021896760","1156869918370873344",
"2040076204280328356","Fri Apr 03 14:37:24 +0000 2026","3","Rasa sedih setelah gagal SNBP wajar dirasakan. Psikolog membagikan cara mengelola emosi agar tidak berlarut-larut. https://t.co/lfnMgN9jfY","2040076204280328356","","","in","","0","2","0","https://x.com/undefined/status/2040076204280328356","23343960",
"2018604530322284818","Tue Feb 03 08:36:38 +0000 2026","0","Cek Daya Tampung Unair di Jalur SNBP 2026 Prodi Hukum Buka 100 kursi https://t.co/1aQATMRr1a https://t.co/blVNjfWMUb","2018604530322284818","https://pbs.twimg.com/media/HAOGH6RbIAAH25u.jpg","","in","","0","0","0","https://x.com/undefined/status/2018604530322284818","23343960",
"2038770187701465346","Tue Mar 31 00:07:45 +0000 2026","791","8 JAM MENUJU OFFICIALLY JADI MABA PTN! JALUR SNBP 8 JAM MENUJU OFFICIALLY JADI MABA PTN! JALUR SNBP 8 JAM MENUJU OFFICIALLY JADI MABA PTN! JALUR SNBP 8 JAM MENUJU OFFICIALLY JADI MABA PTN! JALUR SNBP 8 JAM MENUJU OFFICIALLY JADI MABA PTN! JALUR SNBP 8 JAM MENUJU","2038770187701465346","","","in","","4","0","160","https://x.com/undefined/status/2038770187701465346","1205629250423779328",
"2018550849103081659","Tue Feb 03 05:03:19 +0000 2026","1","11 Jurusan D3-S1 UI Sepi Peminat Referensi Daftar SNBP 2026 Hari Ini https://t.co/je4nn9kJmh https://t.co/Vh5ZM0pq7e","2018550849103081659","https://pbs.twimg.com/media/HANVTP_aIAEus-x.jpg","","in","","0","0","0","https://x.com/undefined/status/2018550849103081659","23343960",
"2008768937115492480","Wed Jan 07 05:13:30 +0000 2026","2","SNBP 2026: Cek Jurusan Sepi Peminat 5 PTN Top di Jawa Barat Ada UI UPI ITB IPB dan Unpad Klik untuk baca: https://t.co/TOcYKzN0W7","2008768937115492480","","","in","","0","0","0","https://x.com/undefined/status/2008768937115492480","23343960",
"2037434574138224980","Fri Mar 27 07:40:30 +0000 2026","1513","YA ALLAH MAU DIMIMPIIN SNBP BIRU","2037434574138224980","","","in","","37","18","301","https://x.com/undefined/status/2037434574138224980","1512091976774356992",
"2014280629379105108","Thu Jan 22 10:15:00 +0000 2026","0","Universitas Sebelas Maret (UNS) di Jawa Tengah tawarkan 25 program studi S1 pendidikan. Tertarik untuk pilih salah satu di SNBP 2026? Via @detik_edu https://t.co/L3leII3hGS","2014280629379105108","","","in","","0","3","0","https://x.com/undefined/status/2014280629379105108","69183155",
"1766442754224365608","Sat Mar 09 12:35:46 +0000 2024","0","MinSkill bantu doa supaya keterima snbp yaa aamiin #LearnAtMySkill","1766442754224365608","","","in","","0","0","0","https://x.com/undefined/status/1766442754224365608","1299606533764837383",
"2038509325627609173","Mon Mar 30 06:51:11 +0000 2026","2","Pengumuman SNBP 2026 dibuka 31 Maret pukul 15.00 WIB siswa pun tegang. Jika tak lolos jangan buang kartu peserta. Kartu ini jadi syarat daftar ulang dan akses beasiswa. Baca selengkapnya: https://t.co/G1k4A1ciZr ~RK #SNBP #kartupeserta https://t.co/EoJ45EmlhT","2038509325627609173","https://pbs.twimg.com/media/HEo9VHcaoAE19vc.jpg","","in","","0","0","0","https://x.com/undefined/status/2038509325627609173","23343960",
"2038565671127208070","Mon Mar 30 10:35:05 +0000 2026","709","sch! 40 orang insyaallah terkabul mohon doanyaa semoga sender bisa lolos snbp pilihan tunggal fk ugm hehehe rep juga dong sayang-sayangku sender bantuu aamiiniiinn semoga kita semuaa loloss snbp","2038565671127208070","","","in","","2","121","30","https://x.com/undefined/status/2038565671127208070","1201673806156161025",
"2037850979714969694","Sat Mar 28 11:15:09 +0000 2026","3711","Aku kls 12 masih dpt THR kmrn bersyukur bgt dpt 275k. Aku beli ini buat jualan makin smgt krn selang kmrn keropos sisanya ditabung buat utbk kalo ngga dpt biru snbp smg lolos sih sm kipk nya jg. Do'ain dong spy lolos hehee btw aku sklh sambil jualan https://t.co/Y5Qvdwg2x1","2037850979714969694","https://pbs.twimg.com/media/HEfmqrvXcAEtLpR.jpg","","in","","9","74","74","https://x.com/undefined/status/2037850979714969694","1331650559518990336",
"2039573075839336455","Thu Apr 02 05:18:09 +0000 2026","2","Itera Terima 2.142 Mahasiswa Jalur SNBP 2026 Cek 5 Jurusan Favoritnya https://t.co/65UpxJcYJJ https://t.co/A5TFSkMQqB","2039573075839336455","https://pbs.twimg.com/media/HE4E53ObIAANruc.jpg","","in","","0","0","0","https://x.com/undefined/status/2039573075839336455","23343960",
"2040023668047360321","Fri Apr 03 11:08:38 +0000 2026","3579"," SOAL PDF TO MIPY #15 ̳͟͞͞ soal : https://t.co/vgHKEBcATv ̳͟͞͞ info snbp snbt mandiri : https://t.co/94iHzBaXsK https://t.co/XNxievOt6t","2040023668047360321","https://pbs.twimg.com/media/HE-etwja4AAbtgQ.jpg","","in","","17","20","928","https://x.com/undefined/status/2040023668047360321","1540680422375321601",
"1807641256274899055","Mon Jul 01 05:03:57 +0000 2024","1","Penundaan pembayaran Uang Kuliah Tunggal (UKT) akan diberlakukan bagi pendaftar KIP Kuliah yang dit erima melalui Seleksi Nasional Berbasis Prestasi (SNBP) dan Seleksi Nasional Berbasis Tes (SNBT) sampai proses seleksi penerima KIP Kuliah selesai.","1807641269273039057","","narasitv","in","","0","1","0","https://x.com/undefined/status/1807641269273039057","955600972394332160",
